,Instrument,Sound
0,Acoustic_guitar,0356dec7.wav
1,Acoustic_guitar,0eeaebcb.wav
2,Acoustic_guitar,10da16fb.wav
3,Acoustic_guitar,160c92d7.wav
4,Acoustic_guitar,16c9a838.wav
5,Acoustic_guitar,17f82c05.wav
6,Acoustic_guitar,2016d256.wav
7,Acoustic_guitar,236cbab1.wav
8,Acoustic_guitar,32dee61b.wav
9,Acoustic_guitar,34747922.wav
10,Acoustic_guitar,35039ae1.wav
11,Acoustic_guitar,367ad7b1.wav
12,Acoustic_guitar,38216fad.wav
13,Acoustic_guitar,44fb3eeb.wav
14,Acoustic_guitar,55822aae.wav
15,Acoustic_guitar,673defaf.wav
16,Acoustic_guitar,70ca9c77.wav
17,Acoustic_guitar,7506dcc4.wav
18,Acoustic_guitar,8da75280.wav
19,Acoustic_guitar,9923ddf8.wav
20,Acoustic_guitar,a25423a8.wav
21,Acoustic_guitar,a6728901.wav
22,Acoustic_guitar,b2261238.wav
23,Acoustic_guitar,b88322f6.wav
24,Acoustic_guitar,bb1f5874.wav
25,Acoustic_guitar,c7846d27.wav
26,Acoustic_guitar,d8a257e5.wav
27,Acoustic_guitar,e92bf0fa.wav
28,Acoustic_guitar,fa4d4a92.wav
29,Acoustic_guitar,fc55d588.wav
30,Bass_drum,01c2f88b.wav
31,Bass_drum,03fc1f96.wav
32,Bass_drum,0ddb4bdf.wav
33,Bass_drum,3a9085ca.wav
34,Bass_drum,4ba2b70e.wav
35,Bass_drum,52e54bdd.wav
36,Bass_drum,565f3ee2.wav
37,Bass_drum,63e0ab2c.wav
38,Bass_drum,6a96272b.wav
39,Bass_drum,6d21ad67.wav
40,Bass_drum,7d11b3b4.wav
41,Bass_drum,7dda9dc2.wav
42,Bass_drum,809ea09e.wav
43,Bass_drum,88780eac.wav
44,Bass_drum,8b6a16de.wav
45,Bass_drum,921eee9d.wav
46,Bass_drum,9a4bfb69.wav
47,Bass_drum,9adffd44.wav
48,Bass_drum,aa9ae956.wav
49,Bass_drum,bab98261.wav
50,Bass_drum,bea51ca5.wav
51,Bass_drum,c11bacda.wav
52,Bass_drum,c153f347.wav
53,Bass_drum,ca3f3698.wav
54,Bass_drum,cdfc8967.wav
55,Bass_drum,ce3f3400.wav
56,Bass_drum,ce75b5ce.wav
57,Bass_drum,f26131d8.wav
58,Bass_drum,f8a99b37.wav
59,Bass_drum,ff11628d.wav
60,Cello,00353774.wav
61,Cello,0091fc7f.wav
62,Cello,125e6ccf.wav
63,Cello,195f544d.wav
64,Cello,22bea889.wav
65,Cello,238b16a5.wav
66,Cello,2da9e12a.wav
67,Cello,31dbc5c0.wav
68,Cello,34e4d187.wav
69,Cello,3e2bddda.wav
70,Cello,4bff8f32.wav
71,Cello,5689818f.wav
72,Cello,5e5bca7a.wav
73,Cello,6a210ffa.wav
74,Cello,743ae0f9.wav
75,Cello,7d896090.wav
76,Cello,811bf309.wav
77,Cello,81d9f077.wav
78,Cello,88500b88.wav
79,Cello,9e3bc1b6.wav
80,Cello,a59b5a08.wav
81,Cello,ab8e8ae3.wav
82,Cello,cbc8d551.wav
83,Cello,d328db67.wav
84,Cello,dc5be9d7.wav
85,Cello,e2d993ec.wav
86,Cello,e55c5160.wav
87,Cello,e70c41d4.wav
88,Cello,e97d9707.wav
89,Cello,f9653de8.wav
90,Clarinet,19105b8a.wav
91,Clarinet,1f81cc2b.wav
92,Clarinet,2e1cd085.wav
93,Clarinet,2fc00271.wav
94,Clarinet,3c66098d.wav
95,Clarinet,3c713bcf.wav
96,Clarinet,3cbe9902.wav
97,Clarinet,3f7e6da8.wav
98,Clarinet,44c5094c.wav
99,Clarinet,45de3233.wav
100,Clarinet,5506629f.wav
101,Clarinet,5de123c3.wav
102,Clarinet,71c6451f.wav
103,Clarinet,740e5bb7.wav
104,Clarinet,7eb959ec.wav
105,Clarinet,800b401e.wav
106,Clarinet,8916ffcd.wav
107,Clarinet,8ee44fb5.wav
108,Clarinet,9a722e53.wav
109,Clarinet,a053797b.wav
110,Clarinet,a64a3740.wav
111,Clarinet,ad42e493.wav
112,Clarinet,ad7ec8cb.wav
113,Clarinet,b0c06255.wav
114,Clarinet,ce65d6b5.wav
115,Clarinet,dc981a38.wav
116,Clarinet,ddf23920.wav
117,Clarinet,e43f7db2.wav
118,Clarinet,e51e1770.wav
119,Clarinet,f2310f0d.wav
120,Double_bass,0286fc27.wav
121,Double_bass,103f29e5.wav
122,Double_bass,13da16ae.wav
123,Double_bass,19893aa8.wav
124,Double_bass,1a7d3f2d.wav
125,Double_bass,2ac8b94f.wav
126,Double_bass,444f9db5.wav
127,Double_bass,462b676f.wav
128,Double_bass,4fb480bf.wav
129,Double_bass,4fd883bb.wav
130,Double_bass,595c191d.wav
131,Double_bass,5eadbc6d.wav
132,Double_bass,642ad7e4.wav
133,Double_bass,6efbaf90.wav
134,Double_bass,8073923c.wav
135,Double_bass,8ce2e863.wav
136,Double_bass,95e1d0ae.wav
137,Double_bass,9dd0141c.wav
138,Double_bass,a0cbe92e.wav
139,Double_bass,b428466c.wav
140,Double_bass,c0ddf010.wav
141,Double_bass,c840804f.wav
142,Double_bass,ca348cbb.wav
143,Double_bass,da8ea649.wav
144,Double_bass,deb87700.wav
145,Double_bass,e0ecd1a6.wav
146,Double_bass,e6597186.wav
147,Double_bass,f042282c.wav
148,Double_bass,f63f3703.wav
149,Double_bass,fcfafbc8.wav
150,Flute,07db7f16.wav
151,Flute,18865530.wav
152,Flute,1b93aeba.wav
153,Flute,35e97db3.wav
154,Flute,3707da71.wav
155,Flute,3eaddda8.wav
156,Flute,4bcc8a77.wav
157,Flute,55d52a69.wav
158,Flute,562d93f5.wav
159,Flute,5d040c3b.wav
160,Flute,5d73ee6f.wav
161,Flute,61c914b1.wav
162,Flute,6a037ddf.wav
163,Flute,6b27a847.wav
164,Flute,6ef82473.wav
165,Flute,84f5b84b.wav
166,Flute,85d6a7d2.wav
167,Flute,8986cced.wav
168,Flute,9f522cda.wav
169,Flute,9f6eac9c.wav
170,Flute,af227d6f.wav
171,Flute,b0d9849d.wav
172,Flute,b4b2b68d.wav
173,Flute,c683f28f.wav
174,Flute,ca8653d2.wav
175,Flute,d14f5df1.wav
176,Flute,dc6676ff.wav
177,Flute,f5e20dce.wav
178,Flute,fa32109e.wav
179,Flute,fe76c972.wav
180,Hi_hat,06c48eab.wav
181,Hi_hat,078f7ac0.wav
182,Hi_hat,09a1cfd7.wav
183,Hi_hat,0ed06544.wav
184,Hi_hat,2032be87.wav
185,Hi_hat,2503aaa1.wav
186,Hi_hat,34a90030.wav
187,Hi_hat,3a3d0279.wav
188,Hi_hat,3aafb6ad.wav
189,Hi_hat,3d3439f1.wav
190,Hi_hat,41897c32.wav
191,Hi_hat,468f9c4c.wav
192,Hi_hat,493c247b.wav
193,Hi_hat,52300f9b.wav
194,Hi_hat,5ec7ad26.wav
195,Hi_hat,612702c3.wav
196,Hi_hat,73677128.wav
197,Hi_hat,8cd809d3.wav
198,Hi_hat,99c96a07.wav
199,Hi_hat,a090c45a.wav
200,Hi_hat,a1b369d7.wav
201,Hi_hat,a7964699.wav
202,Hi_hat,aed9d22f.wav
203,Hi_hat,b31ed1fb.wav
204,Hi_hat,c53a217e.wav
205,Hi_hat,d6854eb4.wav
206,Hi_hat,da3f8050.wav
207,Hi_hat,da4b0379.wav
208,Hi_hat,e897db78.wav
209,Hi_hat,f0dfe343.wav
210,Saxophone,25f26095.wav
211,Saxophone,2f9c5f62.wav
212,Saxophone,36d20ab5.wav
213,Saxophone,37cebbd4.wav
214,Saxophone,3a80061f.wav
215,Saxophone,4345851e.wav
216,Saxophone,5388d14d.wav
217,Saxophone,5d4f8187.wav
218,Saxophone,5f0dc8e4.wav
219,Saxophone,7352e28f.wav
220,Saxophone,78a86075.wav
221,Saxophone,8fa096bf.wav
222,Saxophone,96dad435.wav
223,Saxophone,9c0838c1.wav
224,Saxophone,9cd05a2b.wav
225,Saxophone,ab465bf9.wav
226,Saxophone,ac097834.wav
227,Saxophone,b120dc90.wav
228,Saxophone,b83049f4.wav
229,Saxophone,b8c0a88a.wav
230,Saxophone,c1948f24.wav
231,Saxophone,c1c3c8b9.wav
232,Saxophone,c40632d7.wav
233,Saxophone,c685f05f.wav
234,Saxophone,d6665734.wav
235,Saxophone,d94c94f0.wav
236,Saxophone,dba6817d.wav
237,Saxophone,ec6afeb6.wav
238,Saxophone,f0d315bc.wav
239,Saxophone,f8d96888.wav
240,Snare_drum,0c67f402.wav
241,Snare_drum,1bc8eae1.wav
242,Snare_drum,1c9a423f.wav
243,Snare_drum,1e3391d5.wav
244,Snare_drum,229be2be.wav
245,Snare_drum,22e1c02c.wav
246,Snare_drum,31db8c5e.wav
247,Snare_drum,36d06cc0.wav
248,Snare_drum,46b52f97.wav
249,Snare_drum,4c4d4797.wav
250,Snare_drum,4c590f69.wav
251,Snare_drum,5c33d972.wav
252,Snare_drum,5ce40b1b.wav
253,Snare_drum,6fca680b.wav
254,Snare_drum,82d4fb44.wav
255,Snare_drum,9320c55f.wav
256,Snare_drum,9d308738.wav
257,Snare_drum,9f84ea5a.wav
258,Snare_drum,ae7d1c37.wav
259,Snare_drum,b218444c.wav
260,Snare_drum,b68f10af.wav
261,Snare_drum,b6cbc6a9.wav
262,Snare_drum,b86b5a96.wav
263,Snare_drum,c8ecbbfd.wav
264,Snare_drum,cae0d841.wav
265,Snare_drum,e4958adc.wav
266,Snare_drum,e8e00924.wav
267,Snare_drum,f0727eac.wav
268,Snare_drum,f1754aea.wav
269,Snare_drum,ff3f21e7.wav
270,Violin_or_fiddle,0e7cd4eb.wav
271,Violin_or_fiddle,1148986e.wav
272,Violin_or_fiddle,1b24c166.wav
273,Violin_or_fiddle,21346775.wav
274,Violin_or_fiddle,2424ad60.wav
275,Violin_or_fiddle,2cc8683d.wav
276,Violin_or_fiddle,2e4a9850.wav
277,Violin_or_fiddle,56e79c6f.wav
278,Violin_or_fiddle,642aba58.wav
279,Violin_or_fiddle,68589f79.wav
280,Violin_or_fiddle,6eb59008.wav
281,Violin_or_fiddle,7b6a119e.wav
282,Violin_or_fiddle,7eb9dac0.wav
283,Violin_or_fiddle,848faca3.wav
284,Violin_or_fiddle,8d7d7dba.wav
285,Violin_or_fiddle,aab28420.wav
286,Violin_or_fiddle,b38409bb.wav
287,Violin_or_fiddle,b73c3595.wav
288,Violin_or_fiddle,ba648ac1.wav
289,Violin_or_fiddle,c6865306.wav
290,Violin_or_fiddle,c8c117dc.wav
291,Violin_or_fiddle,c9fb642d.wav
292,Violin_or_fiddle,cdc5fe8e.wav
293,Violin_or_fiddle,cdeece57.wav
294,Violin_or_fiddle,cfb9c5fd.wav
295,Violin_or_fiddle,d6144e01.wav
296,Violin_or_fiddle,d84c8c43.wav
297,Violin_or_fiddle,d914225a.wav
298,Violin_or_fiddle,e3f479f3.wav
299,Violin_or_fiddle,fec00143.wav
